<?xml version="1.0" encoding="UTF-8"?>
<project-private xmlns="http://www.netbeans.org/ns/project-private/1">
    <editor-bookmarks xmlns="http://www.netbeans.org/ns/editor-bookmarks/2" lastBookmarkId="0"/>
    <open-files xmlns="http://www.netbeans.org/ns/projectui-open-files/2">
        <group>
            <file>file:/Users/matthew/MPLABXProjects/ECEN-4013-Spring-2016-MagicMine/Code/Mine/MagicMine_Integration_1.X/main.h</file>
            <file>file:/Users/matthew/MPLABXProjects/ECEN-4013-Spring-2016-MagicMine/Code/Mine/MagicMine_Integration_1.X/main.c</file>
            <file>file:/Users/matthew/MPLABXProjects/ECEN-4013-Spring-2016-MagicMine/Code/Mine/MagicMine_Integration_1.X/bluetooth_2.h</file>
            <file>file:/Users/matthew/MPLABXProjects/ECEN-4013-Spring-2016-MagicMine/Code/Mine/MagicMine_Integration_1.X/LEDs.h</file>
            <file>file:/Users/matthew/MPLABXProjects/ECEN-4013-Spring-2016-MagicMine/Code/Mine/MagicMine_Integration_1.X/LEDs.c</file>
            <file>file:/Users/matthew/MPLABXProjects/ECEN-4013-Spring-2016-MagicMine/Code/Mine/MagicMine_Integration_1.X/bluetooth_2.c</file>
            <file>file:/Users/matthew/MPLABXProjects/ECEN-4013-Spring-2016-MagicMine/Code/Mine/MagicMine_Integration_1.X/audio.h</file>
            <file>file:/Users/matthew/MPLABXProjects/ECEN-4013-Spring-2016-MagicMine/Code/Mine/MagicMine_Integration_1.X/audio.c</file>
            <file>file:/Users/matthew/MPLABXProjects/ECEN-4013-Spring-2016-MagicMine/Code/Mine/MagicMine_Integration_1.X/mcc_generated_files/pin_manager.c</file>
        </group>
    </open-files>
</project-private>
